{
  "controller/DetailObjectNotFound-dbg.js": 1608204213496,
  "controller/Detail.controller.js": 1608204213496,
  "model/models.js": 1608204213500,
  "model/formatter.js": 1608204213500,
  "controller/NotFound.controller.js": 1608204213496,
  "controller/Master.controller.js": 1608204213496,
  "controller/ListSelector.js": 1608204213496,
  "controller/ErrorHandler.js": 1608204213496,
  "controller/DetailObjectNotFound.js": 1608204213496,
  "controller/DetailObjectNotFound.controller.js": 1608204213496,
  "manifest.json": 1608206708051,
  "controller/BaseController.js": 1608204213496,
  "controller/App.controller.js": 1608204213496,
  "Component.js": 1608204213492,
  "manifest-bundle.zip": 1608206707663,
  "Component-preload.js": 1608206707965,
  "controller/NotFound-dbg.controller.js": 1608204213496,
  "model/formatter-dbg.js": 1608204213500,
  "model/models-dbg.js": 1608204213500,
  "controller/Master-dbg.controller.js": 1608204213496,
  "controller/ListSelector-dbg.js": 1608204213496,
  "controller/ErrorHandler-dbg.js": 1608204213496,
  "i18n/i18n.properties": 1608204305445,
  "controller/DetailObjectNotFound-dbg.controller.js": 1608204213496,
  "controller/Detail-dbg.controller.js": 1608204213496,
  "controller/BaseController-dbg.js": 1608204213496,
  "controller/App-dbg.controller.js": 1608204213496,
  "Component-dbg.js": 1608204213492,
  "resources.json": 1608206708056,
  "view/ViewSettingsDialog.fragment.xml": 1608204213508,
  "view/NotFound.view.xml": 1608204213508,
  "view/Master.view.xml": 1608204213508,
  "view/DetailObjectNotFound.view.xml": 1608204213508,
  "view/Detail.view.xml": 1608204213508,
  "view/App.view.xml": 1608204213508,
  "test.html": 1608204213500,
  "index.html": 1608204213496
}